Time(s),HeartRate(1/min),CoreTemperature(degC),SkinTemperature(degC),intensity,atemp_c,rh_pct
0 days 00:00:01.020000,75.0,37.032183,33.110776,1.0,25.555555555555557,62.22222222222222
0 days 00:00:02.020000,78.947368,37.035332,33.112631,1.0,25.555555555555557,62.22222222222222
0 days 00:00:03.020000,78.947368,37.039058,33.114776,1.0,25.555555555555557,62.22222222222222
0 days 00:00:04.020000,83.333333,37.043006,33.116899,1.0,25.555555555555557,62.22222222222222
0 days 00:00:05.020000,85.714286,37.047036,33.118997,1.0,25.555555555555557,62.22222222222222
0 days 00:00:06.020000,88.235294,37.051096,33.121089,1.0,25.555555555555557,62.22222222222222
0 days 00:00:07.020000,93.75,37.055165,33.123191,1.0,25.555555555555557,62.22222222222222
0 days 00:00:08.020000,93.75,37.059237,33.125307,1.0,25.555555555555557,62.22222222222222
0 days 00:00:09.020000,96.774194,37.063309,33.127435,1.0,25.555555555555557,62.22222222222222
0 days 00:00:10.020000,100.0,37.067378,33.129588,1.0,25.555555555555557,62.22222222222222
0 days 00:00:11.020000,103.448276,37.071444,33.131777,1.0,25.555555555555557,62.22222222222222
0 days 00:00:12.020000,107.142857,37.075506,33.134004,1.0,25.555555555555557,62.22222222222222
0 days 00:00:13.020000,107.142857,37.079564,33.136278,1.0,25.555555555555557,62.22222222222222
0 days 00:00:14.020000,111.111111,37.083618,33.138581,1.0,25.555555555555557,62.22222222222222
0 days 00:00:15.020000,111.111111,37.087669,33.140913,1.0,25.555555555555557,62.22222222222222
0 days 00:00:16.020000,115.384615,37.091719,33.143251,1.0,25.555555555555557,62.22222222222222
0 days 00:00:17.020000,115.384615,37.095763,33.145638,1.0,25.555555555555557,62.22222222222222
0 days 00:00:18.020000,120.0,37.099802,33.148064,1.0,25.555555555555557,62.22222222222222
0 days 00:00:19.020000,125.0,37.103838,33.150496,1.0,25.555555555555557,62.22222222222222
0 days 00:00:20.020000,130.434783,37.107868,33.15295,1.0,25.555555555555557,62.22222222222222
0 days 00:00:21.020000,136.363636,37.111887,33.155431,1.0,25.555555555555557,62.22222222222222
0 days 00:00:22.020000,142.857143,37.115902,33.157929,1.0,25.555555555555557,62.22222222222222
0 days 00:00:23.020000,150.0,37.119913,33.160425,1.0,25.555555555555557,62.22222222222222
0 days 00:00:24.020000,157.894737,37.123915,33.162913,1.0,25.555555555555557,62.22222222222222
0 days 00:00:25.020000,166.666667,37.12791,33.165433,1.0,25.555555555555557,62.22222222222222
0 days 00:00:26.020000,176.470588,37.1319,33.167975,1.0,25.555555555555557,62.22222222222222
0 days 00:00:27.020000,187.5,37.135881,33.170486,1.0,25.555555555555557,62.22222222222222
0 days 00:00:28.020000,187.5,37.139859,33.172979,1.0,25.555555555555557,62.22222222222222
0 days 00:00:29.020000,187.5,37.143842,33.175388,1.0,25.555555555555557,62.22222222222222
0 days 00:00:30.020000,187.5,37.14782,33.17772,1.0,25.555555555555557,62.22222222222222
0 days 00:00:31.020000,187.5,37.151799,33.179982,1.0,25.555555555555557,62.22222222222222
0 days 00:00:32.020000,187.5,37.155781,33.182183,1.0,25.555555555555557,62.22222222222222
0 days 00:00:33.020000,187.5,37.159753,33.184329,1.0,25.555555555555557,62.22222222222222
0 days 00:00:34.020000,187.5,37.163724,33.186424,1.0,25.555555555555557,62.22222222222222
0 days 00:00:35.020000,187.5,37.167696,33.188472,1.0,25.555555555555557,62.22222222222222
0 days 00:00:36.020000,187.5,37.171655,33.190476,1.0,25.555555555555557,62.22222222222222
0 days 00:00:37.020000,187.5,37.175614,33.192437,1.0,25.555555555555557,62.22222222222222
0 days 00:00:38.020000,187.5,37.179569,33.194358,1.0,25.555555555555557,62.22222222222222
0 days 00:00:39.020000,187.5,37.183514,33.196238,1.0,25.555555555555557,62.22222222222222
0 days 00:00:40.020000,187.5,37.187459,33.19808,1.0,25.555555555555557,62.22222222222222
0 days 00:00:41.020000,187.5,37.191394,33.199884,1.0,25.555555555555557,62.22222222222222
0 days 00:00:42.020000,187.5,37.195325,33.201651,1.0,25.555555555555557,62.22222222222222
0 days 00:00:43.020000,187.5,37.199254,33.203381,1.0,25.555555555555557,62.22222222222222
0 days 00:00:44.020000,187.5,37.203171,33.205074,1.0,25.555555555555557,62.22222222222222
0 days 00:00:45.020000,187.5,37.207088,33.206731,1.0,25.555555555555557,62.22222222222222
0 days 00:00:46.020000,187.5,37.211,33.208353,1.0,25.555555555555557,62.22222222222222
0 days 00:00:47.020000,187.5,37.214905,33.209939,1.0,25.555555555555557,62.22222222222222
0 days 00:00:48.020000,187.5,37.218811,33.21149,1.0,25.555555555555557,62.22222222222222
0 days 00:00:49.020000,187.5,37.22271,33.213006,1.0,25.555555555555557,62.22222222222222
0 days 00:00:50.020000,187.5,37.226609,33.214488,1.0,25.555555555555557,62.22222222222222
0 days 00:00:51.020000,187.5,37.230507,33.215935,1.0,25.555555555555557,62.22222222222222
0 days 00:00:52.020000,187.5,37.234402,33.217348,1.0,25.555555555555557,62.22222222222222
0 days 00:00:53.020000,187.5,37.238297,33.218727,1.0,25.555555555555557,62.22222222222222
0 days 00:00:54.020000,187.5,37.242191,33.220072,1.0,25.555555555555557,62.22222222222222
0 days 00:00:55.020000,187.5,37.246084,33.221384,1.0,25.555555555555557,62.22222222222222
0 days 00:00:56.020000,187.5,37.249977,33.222662,1.0,25.555555555555557,62.22222222222222
0 days 00:00:57.020000,187.5,37.253869,33.223906,1.0,25.555555555555557,62.22222222222222
0 days 00:00:58.020000,187.5,37.257762,33.225117,1.0,25.555555555555557,62.22222222222222
0 days 00:00:59.020000,187.5,37.261654,33.226295,1.0,25.555555555555557,62.22222222222222
0 days 00:01:00.020000,187.5,37.265546,33.22744,1.0,25.555555555555557,62.22222222222222
0 days 00:01:01.020000,187.5,37.269438,33.228552,1.0,25.555555555555557,62.22222222222222
0 days 00:01:02.020000,187.5,37.27333,33.229632,1.0,25.555555555555557,62.22222222222222
0 days 00:01:03.020000,187.5,37.277222,33.230679,1.0,25.555555555555557,62.22222222222222
0 days 00:01:04.020000,187.5,37.281115,33.231694,1.0,25.555555555555557,62.22222222222222
0 days 00:01:05.020000,187.5,37.285009,33.232676,1.0,25.555555555555557,62.22222222222222
0 days 00:01:06.020000,187.5,37.288902,33.233626,1.0,25.555555555555557,62.22222222222222
0 days 00:01:07.020000,187.5,37.292796,33.234544,1.0,25.555555555555557,62.22222222222222
0 days 00:01:08.020000,187.5,37.29669,33.235431,1.0,25.555555555555557,62.22222222222222
0 days 00:01:09.020000,187.5,37.300586,33.236285,1.0,25.555555555555557,62.22222222222222
0 days 00:01:10.020000,187.5,37.304482,33.237108,1.0,25.555555555555557,62.22222222222222
0 days 00:01:11.020000,187.5,37.308379,33.237899,1.0,25.555555555555557,62.22222222222222
0 days 00:01:12.020000,187.5,37.312276,33.238658,1.0,25.555555555555557,62.22222222222222
0 days 00:01:13.020000,187.5,37.316173,33.239386,1.0,25.555555555555557,62.22222222222222
0 days 00:01:14.020000,187.5,37.320071,33.240083,1.0,25.555555555555557,62.22222222222222
0 days 00:01:15.020000,187.5,37.323969,33.240748,1.0,25.555555555555557,62.22222222222222
0 days 00:01:16.020000,187.5,37.327867,33.241381,1.0,25.555555555555557,62.22222222222222
0 days 00:01:17.020000,187.5,37.331765,33.241984,1.0,25.555555555555557,62.22222222222222
0 days 00:01:18.020000,187.5,37.335664,33.242555,1.0,25.555555555555557,62.22222222222222
0 days 00:01:19.020000,187.5,37.339562,33.243096,1.0,25.555555555555557,62.22222222222222
0 days 00:01:20.020000,187.5,37.34346,33.243605,1.0,25.555555555555557,62.22222222222222
0 days 00:01:21.020000,187.5,37.347359,33.244084,1.0,25.555555555555557,62.22222222222222
0 days 00:01:22.020000,187.5,37.351257,33.244532,1.0,25.555555555555557,62.22222222222222
0 days 00:01:23.020000,187.5,37.355155,33.244949,1.0,25.555555555555557,62.22222222222222
0 days 00:01:24.020000,187.5,37.359052,33.245335,1.0,25.555555555555557,62.22222222222222
0 days 00:01:25.020000,187.5,37.36295,33.245691,1.0,25.555555555555557,62.22222222222222
0 days 00:01:26.020000,187.5,37.366847,33.246017,1.0,25.555555555555557,62.22222222222222
0 days 00:01:27.020000,187.5,37.370744,33.246312,1.0,25.555555555555557,62.22222222222222
0 days 00:01:28.020000,187.5,37.374641,33.246577,1.0,25.555555555555557,62.22222222222222
0 days 00:01:29.020000,187.5,37.378538,33.246811,1.0,25.555555555555557,62.22222222222222
0 days 00:01:30.020000,187.5,37.382434,33.247015,1.0,25.555555555555557,62.22222222222222
0 days 00:01:31.020000,187.5,37.38633,33.247188,1.0,25.555555555555557,62.22222222222222
0 days 00:01:32.020000,187.5,37.390225,33.247331,1.0,25.555555555555557,62.22222222222222
0 days 00:01:33.020000,187.5,37.39412,33.247444,1.0,25.555555555555557,62.22222222222222
0 days 00:01:34.020000,187.5,37.398015,33.247527,1.0,25.555555555555557,62.22222222222222
0 days 00:01:35.020000,187.5,37.40191,33.24758,1.0,25.555555555555557,62.22222222222222
0 days 00:01:36.020000,187.5,37.405804,33.247603,1.0,25.555555555555557,62.22222222222222
0 days 00:01:37.020000,187.5,37.409697,33.247595,1.0,25.555555555555557,62.22222222222222
0 days 00:01:38.020000,187.5,37.413591,33.247558,1.0,25.555555555555557,62.22222222222222
0 days 00:01:39.020000,187.5,37.417484,33.247491,1.0,25.555555555555557,62.22222222222222
0 days 00:01:40.020000,187.5,37.421377,33.247394,1.0,25.555555555555557,62.22222222222222
0 days 00:01:41.020000,187.5,37.425269,33.247268,1.0,25.555555555555557,62.22222222222222
0 days 00:01:42.020000,187.5,37.429161,33.247112,1.0,25.555555555555557,62.22222222222222
0 days 00:01:43.020000,187.5,37.433053,33.246926,1.0,25.555555555555557,62.22222222222222
0 days 00:01:44.020000,187.5,37.436944,33.246711,1.0,25.555555555555557,62.22222222222222
0 days 00:01:45.020000,187.5,37.440835,33.246466,1.0,25.555555555555557,62.22222222222222
0 days 00:01:46.020000,187.5,37.444726,33.246191,1.0,25.555555555555557,62.22222222222222
0 days 00:01:47.020000,187.5,37.448616,33.245886,1.0,25.555555555555557,62.22222222222222
0 days 00:01:48.020000,187.5,37.452506,33.245552,1.0,25.555555555555557,62.22222222222222
0 days 00:01:49.020000,187.5,37.456396,33.245188,1.0,25.555555555555557,62.22222222222222
0 days 00:01:50.020000,187.5,37.460286,33.244795,1.0,25.555555555555557,62.22222222222222
0 days 00:01:51.020000,187.5,37.464175,33.244372,1.0,25.555555555555557,62.22222222222222
0 days 00:01:52.020000,187.5,37.468064,33.24392,1.0,25.555555555555557,62.22222222222222
0 days 00:01:53.020000,187.5,37.471952,33.243438,1.0,25.555555555555557,62.22222222222222
0 days 00:01:54.020000,187.5,37.475841,33.242927,1.0,25.555555555555557,62.22222222222222
0 days 00:01:55.020000,187.5,37.479729,33.242387,1.0,25.555555555555557,62.22222222222222
0 days 00:01:56.020000,187.5,37.483617,33.241818,1.0,25.555555555555557,62.22222222222222
0 days 00:01:57.020000,187.5,37.487504,33.241219,1.0,25.555555555555557,62.22222222222222
0 days 00:01:58.020000,187.5,37.491392,33.240591,1.0,25.555555555555557,62.22222222222222
0 days 00:01:59.020000,187.5,37.495279,33.239934,1.0,25.555555555555557,62.22222222222222
0 days 00:02:00.020000,187.5,37.499165,33.239248,1.0,25.555555555555557,62.22222222222222
0 days 00:02:01.020000,187.5,37.503052,33.238532,1.0,25.555555555555557,62.22222222222222
0 days 00:02:02.020000,187.5,37.506938,33.237788,1.0,25.555555555555557,62.22222222222222
0 days 00:02:03.020000,187.5,37.510824,33.237014,1.0,25.555555555555557,62.22222222222222
0 days 00:02:04.020000,187.5,37.51471,33.236211,1.0,25.555555555555557,62.22222222222222
0 days 00:02:05.020000,187.5,37.518596,33.235378,1.0,25.555555555555557,62.22222222222222
0 days 00:02:06.020000,187.5,37.522481,33.234517,1.0,25.555555555555557,62.22222222222222
0 days 00:02:07.020000,187.5,37.526366,33.233626,1.0,25.555555555555557,62.22222222222222
0 days 00:02:08.020000,187.5,37.530251,33.232706,1.0,25.555555555555557,62.22222222222222
0 days 00:02:09.020000,187.5,37.534136,33.231758,1.0,25.555555555555557,62.22222222222222
0 days 00:02:10.020000,187.5,37.53802,33.23078,1.0,25.555555555555557,62.22222222222222
0 days 00:02:11.020000,187.5,37.541905,33.229773,1.0,25.555555555555557,62.22222222222222
0 days 00:02:12.020000,187.5,37.545789,33.228738,1.0,25.555555555555557,62.22222222222222
0 days 00:02:13.020000,187.5,37.549672,33.227673,1.0,25.555555555555557,62.22222222222222
0 days 00:02:14.020000,187.5,37.553556,33.226579,1.0,25.555555555555557,62.22222222222222
0 days 00:02:15.020000,187.5,37.557439,33.225457,1.0,25.555555555555557,62.22222222222222
0 days 00:02:16.020000,187.5,37.561322,33.224306,1.0,25.555555555555557,62.22222222222222
0 days 00:02:17.020000,187.5,37.565205,33.223127,1.0,25.555555555555557,62.22222222222222
0 days 00:02:18.020000,187.5,37.569087,33.221918,1.0,25.555555555555557,62.22222222222222
0 days 00:02:19.020000,187.5,37.57297,33.22068,1.0,25.555555555555557,62.22222222222222
0 days 00:02:20.020000,187.5,37.576853,33.219414,1.0,25.555555555555557,62.22222222222222
0 days 00:02:21.020000,187.5,37.580736,33.218119,1.0,25.555555555555557,62.22222222222222
0 days 00:02:22.020000,187.5,37.584618,33.216794,1.0,25.555555555555557,62.22222222222222
0 days 00:02:23.020000,187.5,37.588501,33.215441,1.0,25.555555555555557,62.22222222222222
0 days 00:02:24.020000,187.5,37.592383,33.214059,1.0,25.555555555555557,62.22222222222222
0 days 00:02:25.020000,187.5,37.596265,33.212648,1.0,25.555555555555557,62.22222222222222
0 days 00:02:26.020000,187.5,37.600146,33.211208,1.0,25.555555555555557,62.22222222222222
0 days 00:02:27.020000,187.5,37.604028,33.20974,1.0,25.555555555555557,62.22222222222222
0 days 00:02:28.020000,187.5,37.607908,33.208243,1.0,25.555555555555557,62.22222222222222
0 days 00:02:29.020000,187.5,37.611789,33.206717,1.0,25.555555555555557,62.22222222222222
0 days 00:02:30.020000,187.5,37.615669,33.205163,1.0,25.555555555555557,62.22222222222222
0 days 00:02:31.020000,187.5,37.619549,33.20358,1.0,25.555555555555557,62.22222222222222
0 days 00:02:32.020000,187.5,37.623429,33.201968,1.0,25.555555555555557,62.22222222222222
0 days 00:02:33.020000,187.5,37.627308,33.200329,1.0,25.555555555555557,62.22222222222222
0 days 00:02:34.020000,187.5,37.631187,33.198661,1.0,25.555555555555557,62.22222222222222
0 days 00:02:35.020000,187.5,37.635066,33.196964,1.0,25.555555555555557,62.22222222222222
0 days 00:02:36.020000,187.5,37.638944,33.195238,1.0,25.555555555555557,62.22222222222222
0 days 00:02:37.020000,187.5,37.642821,33.193484,1.0,25.555555555555557,62.22222222222222
0 days 00:02:38.020000,187.5,37.646699,33.191702,1.0,25.555555555555557,62.22222222222222
0 days 00:02:39.020000,187.5,37.650575,33.18989,1.0,25.555555555555557,62.22222222222222
0 days 00:02:40.020000,187.5,37.654452,33.18805,1.0,25.555555555555557,62.22222222222222
0 days 00:02:41.020000,187.5,37.658328,33.186182,1.0,25.555555555555557,62.22222222222222
0 days 00:02:42.020000,187.5,37.662204,33.184285,1.0,25.555555555555557,62.22222222222222
0 days 00:02:43.020000,187.5,37.666079,33.18236,1.0,25.555555555555557,62.22222222222222
0 days 00:02:44.020000,187.5,37.669954,33.180406,1.0,25.555555555555557,62.22222222222222
0 days 00:02:45.020000,187.5,37.673828,33.178424,1.0,25.555555555555557,62.22222222222222
0 days 00:02:46.020000,187.5,37.677703,33.176414,1.0,25.555555555555557,62.22222222222222
0 days 00:02:47.020000,187.5,37.681576,33.174376,1.0,25.555555555555557,62.22222222222222
0 days 00:02:48.020000,187.5,37.68545,33.172309,1.0,25.555555555555557,62.22222222222222
0 days 00:02:49.020000,187.5,37.689323,33.170214,1.0,25.555555555555557,62.22222222222222
0 days 00:02:50.020000,187.5,37.693195,33.168092,1.0,25.555555555555557,62.22222222222222
0 days 00:02:51.020000,187.5,37.697067,33.165941,1.0,25.555555555555557,62.22222222222222
0 days 00:02:52.020000,187.5,37.700939,33.163763,1.0,25.555555555555557,62.22222222222222
0 days 00:02:53.020000,187.5,37.704811,33.161556,1.0,25.555555555555557,62.22222222222222
0 days 00:02:54.020000,187.5,37.708682,33.15932,1.0,25.555555555555557,62.22222222222222
0 days 00:02:55.020000,187.5,37.712553,33.157057,1.0,25.555555555555557,62.22222222222222
0 days 00:02:56.020000,187.5,37.716423,33.154766,1.0,25.555555555555557,62.22222222222222
0 days 00:02:57.020000,187.5,37.720293,33.152446,1.0,25.555555555555557,62.22222222222222
0 days 00:02:58.020000,187.5,37.724163,33.150098,1.0,25.555555555555557,62.22222222222222
0 days 00:02:59.020000,187.5,37.728033,33.147722,1.0,25.555555555555557,62.22222222222222
0 days 00:03:00.020000,187.5,37.731902,33.145319,1.0,25.555555555555557,62.22222222222222
0 days 00:03:01.020000,187.5,37.735771,33.142887,1.0,25.555555555555557,62.22222222222222
0 days 00:03:02.020000,187.5,37.73964,33.140427,1.0,25.555555555555557,62.22222222222222
0 days 00:03:03.020000,187.5,37.743508,33.13794,1.0,25.555555555555557,62.22222222222222
0 days 00:03:04.020000,187.5,37.747376,33.135425,1.0,25.555555555555557,62.22222222222222
0 days 00:03:05.020000,187.5,37.751244,33.132882,1.0,25.555555555555557,62.22222222222222
0 days 00:03:06.020000,187.5,37.755112,33.130311,1.0,25.555555555555557,62.22222222222222
0 days 00:03:07.020000,187.5,37.758979,33.127714,1.0,25.555555555555557,62.22222222222222
0 days 00:03:08.020000,187.5,37.762846,33.125088,1.0,25.555555555555557,62.22222222222222
0 days 00:03:09.020000,187.5,37.766713,33.122435,1.0,25.555555555555557,62.22222222222222
0 days 00:03:10.020000,187.5,37.77058,33.119754,1.0,25.555555555555557,62.22222222222222
0 days 00:03:11.020000,187.5,37.774446,33.117045,1.0,25.555555555555557,62.22222222222222
0 days 00:03:12.020000,187.5,37.778312,33.114308,1.0,25.555555555555557,62.22222222222222
0 days 00:03:13.020000,187.5,37.782177,33.111544,1.0,25.555555555555557,62.22222222222222
0 days 00:03:14.020000,187.5,37.786043,33.108752,1.0,25.555555555555557,62.22222222222222
0 days 00:03:15.020000,187.5,37.789908,33.105932,1.0,25.555555555555557,62.22222222222222
0 days 00:03:16.020000,187.5,37.793773,33.103084,1.0,25.555555555555557,62.22222222222222
0 days 00:03:17.020000,187.5,37.797638,33.100209,1.0,25.555555555555557,62.22222222222222
0 days 00:03:18.020000,187.5,37.801502,33.097307,1.0,25.555555555555557,62.22222222222222
0 days 00:03:19.020000,187.5,37.805367,33.094376,1.0,25.555555555555557,62.22222222222222
0 days 00:03:20.020000,187.5,37.809231,33.091419,1.0,25.555555555555557,62.22222222222222
0 days 00:03:21.020000,187.5,37.813096,33.088434,1.0,25.555555555555557,62.22222222222222
0 days 00:03:22.020000,187.5,37.81696,33.085421,1.0,25.555555555555557,62.22222222222222
0 days 00:03:23.020000,187.5,37.820823,33.082382,1.0,25.555555555555557,62.22222222222222
0 days 00:03:24.020000,187.5,37.824687,33.079315,1.0,25.555555555555557,62.22222222222222
0 days 00:03:25.020000,187.5,37.82855,33.076222,1.0,25.555555555555557,62.22222222222222
0 days 00:03:26.020000,187.5,37.832413,33.0731,1.0,25.555555555555557,62.22222222222222
0 days 00:03:27.020000,187.5,37.836275,33.069952,1.0,25.555555555555557,62.22222222222222
0 days 00:03:28.020000,187.5,37.840137,33.066776,1.0,25.555555555555557,62.22222222222222
0 days 00:03:29.020000,187.5,37.843999,33.063572,1.0,25.555555555555557,62.22222222222222
0 days 00:03:30.020000,187.5,37.84786,33.060341,1.0,25.555555555555557,62.22222222222222
0 days 00:03:31.020000,187.5,37.85172,33.057083,1.0,25.555555555555557,62.22222222222222
0 days 00:03:32.020000,187.5,37.85558,33.053797,1.0,25.555555555555557,62.22222222222222
0 days 00:03:33.020000,187.5,37.85944,33.050484,1.0,25.555555555555557,62.22222222222222
0 days 00:03:34.020000,187.5,37.863299,33.047143,1.0,25.555555555555557,62.22222222222222
0 days 00:03:35.020000,187.5,37.867158,33.043776,1.0,25.555555555555557,62.22222222222222
0 days 00:03:36.020000,187.5,37.871016,33.040382,1.0,25.555555555555557,62.22222222222222
0 days 00:03:37.020000,187.5,37.874873,33.03696,1.0,25.555555555555557,62.22222222222222
0 days 00:03:38.020000,187.5,37.87873,33.033512,1.0,25.555555555555557,62.22222222222222
0 days 00:03:39.020000,187.5,37.882586,33.030037,1.0,25.555555555555557,62.22222222222222
0 days 00:03:40.020000,187.5,37.886442,33.026535,1.0,25.555555555555557,62.22222222222222
0 days 00:03:41.020000,187.5,37.890297,33.023006,1.0,25.555555555555557,62.22222222222222
0 days 00:03:42.020000,187.5,37.894152,33.019451,1.0,25.555555555555557,62.22222222222222
0 days 00:03:43.020000,187.5,37.898006,33.015869,1.0,25.555555555555557,62.22222222222222
0 days 00:03:44.020000,187.5,37.901859,33.01226,1.0,25.555555555555557,62.22222222222222
0 days 00:03:45.020000,187.5,37.905712,33.008624,1.0,25.555555555555557,62.22222222222222
0 days 00:03:46.020000,187.5,37.909564,33.004962,1.0,25.555555555555557,62.22222222222222
0 days 00:03:47.020000,187.5,37.913416,33.001272,1.0,25.555555555555557,62.22222222222222
0 days 00:03:48.020000,187.5,37.917267,32.997555,1.0,25.555555555555557,62.22222222222222
0 days 00:03:49.020000,187.5,37.921117,32.993812,1.0,25.555555555555557,62.22222222222222
0 days 00:03:50.020000,187.5,37.924967,32.990042,1.0,25.555555555555557,62.22222222222222
0 days 00:03:51.020000,187.5,37.928816,32.986246,1.0,25.555555555555557,62.22222222222222
0 days 00:03:52.020000,187.5,37.932664,32.982423,1.0,25.555555555555557,62.22222222222222
0 days 00:03:53.020000,187.5,37.936512,32.978573,1.0,25.555555555555557,62.22222222222222
0 days 00:03:54.020000,187.5,37.940359,32.974697,1.0,25.555555555555557,62.22222222222222
0 days 00:03:55.020000,187.5,37.944206,32.970795,1.0,25.555555555555557,62.22222222222222
0 days 00:03:56.020000,187.5,37.948052,32.966866,1.0,25.555555555555557,62.22222222222222
0 days 00:03:57.020000,187.5,37.951898,32.962912,1.0,25.555555555555557,62.22222222222222
0 days 00:03:58.020000,187.5,37.955743,32.958932,1.0,25.555555555555557,62.22222222222222
0 days 00:03:59.020000,187.5,37.959587,32.954925,1.0,25.555555555555557,62.22222222222222
0 days 00:04:00.020000,187.5,37.963431,32.950892,1.0,25.555555555555557,62.22222222222222
0 days 00:04:01.020000,187.5,37.967274,32.946833,1.0,25.555555555555557,62.22222222222222
0 days 00:04:02.020000,187.5,37.971116,32.942748,1.0,25.555555555555557,62.22222222222222
0 days 00:04:03.020000,187.5,37.974958,32.938636,1.0,25.555555555555557,62.22222222222222
0 days 00:04:04.020000,187.5,37.978799,32.934498,1.0,25.555555555555557,62.22222222222222
0 days 00:04:05.020000,187.5,37.98264,32.930334,1.0,25.555555555555557,62.22222222222222
0 days 00:04:06.020000,187.5,37.98648,32.926144,1.0,25.555555555555557,62.22222222222222
0 days 00:04:07.020000,187.5,37.990319,32.921927,1.0,25.555555555555557,62.22222222222222
0 days 00:04:08.020000,187.5,37.994158,32.917685,1.0,25.555555555555557,62.22222222222222
0 days 00:04:09.020000,187.5,37.997996,32.913416,1.0,25.555555555555557,62.22222222222222
0 days 00:04:10.020000,187.5,38.001834,32.909122,1.0,25.555555555555557,62.22222222222222
0 days 00:04:11.020000,187.5,38.00567,32.904802,1.0,25.555555555555557,62.22222222222222
0 days 00:04:12.020000,187.5,38.009507,32.900456,1.0,25.555555555555557,62.22222222222222
0 days 00:04:13.020000,187.5,38.013342,32.896085,1.0,25.555555555555557,62.22222222222222
0 days 00:04:14.020000,187.5,38.017177,32.891688,1.0,25.555555555555557,62.22222222222222
0 days 00:04:15.020000,187.5,38.021012,32.887266,1.0,25.555555555555557,62.22222222222222
0 days 00:04:16.020000,187.5,38.024846,32.882818,1.0,25.555555555555557,62.22222222222222
0 days 00:04:17.020000,187.5,38.028679,32.878345,1.0,25.555555555555557,62.22222222222222
0 days 00:04:18.020000,187.5,38.032512,32.873846,1.0,25.555555555555557,62.22222222222222
0 days 00:04:19.020000,187.5,38.036344,32.869321,1.0,25.555555555555557,62.22222222222222
0 days 00:04:20.020000,187.5,38.040175,32.864771,1.0,25.555555555555557,62.22222222222222
0 days 00:04:21.020000,187.5,38.044006,32.860194,1.0,25.555555555555557,62.22222222222222
0 days 00:04:22.020000,187.5,38.047836,32.855592,1.0,25.555555555555557,62.22222222222222
0 days 00:04:23.020000,187.5,38.051665,32.850965,1.0,25.555555555555557,62.22222222222222
0 days 00:04:24.020000,187.5,38.055494,32.846311,1.0,25.555555555555557,62.22222222222222
0 days 00:04:25.020000,187.5,38.059322,32.841633,1.0,25.555555555555557,62.22222222222222
0 days 00:04:26.020000,187.5,38.063149,32.836929,1.0,25.555555555555557,62.22222222222222
0 days 00:04:27.020000,187.5,38.066976,32.8322,1.0,25.555555555555557,62.22222222222222
0 days 00:04:28.020000,187.5,38.070802,32.827445,1.0,25.555555555555557,62.22222222222222
0 days 00:04:29.020000,187.5,38.074628,32.822666,1.0,25.555555555555557,62.22222222222222
0 days 00:04:30.020000,187.5,38.078453,32.817861,1.0,25.555555555555557,62.22222222222222
0 days 00:04:31.020000,187.5,38.082277,32.813032,1.0,25.555555555555557,62.22222222222222
0 days 00:04:32.020000,187.5,38.0861,32.808178,1.0,25.555555555555557,62.22222222222222
0 days 00:04:33.020000,187.5,38.089923,32.803298,1.0,25.555555555555557,62.22222222222222
0 days 00:04:34.020000,187.5,38.093745,32.798394,1.0,25.555555555555557,62.22222222222222
0 days 00:04:35.020000,187.5,38.097566,32.793465,1.0,25.555555555555557,62.22222222222222
0 days 00:04:36.020000,187.5,38.101387,32.78851,1.0,25.555555555555557,62.22222222222222
0 days 00:04:37.020000,187.5,38.105207,32.783531,1.0,25.555555555555557,62.22222222222222
0 days 00:04:38.020000,187.5,38.109027,32.778526,1.0,25.555555555555557,62.22222222222222
0 days 00:04:39.020000,187.5,38.112845,32.773495,1.0,25.555555555555557,62.22222222222222
0 days 00:04:40.020000,187.5,38.116663,32.76844,1.0,25.555555555555557,62.22222222222222
0 days 00:04:41.020000,187.5,38.120481,32.76336,1.0,25.555555555555557,62.22222222222222
0 days 00:04:42.020000,187.5,38.124297,32.758255,1.0,25.555555555555557,62.22222222222222
0 days 00:04:43.020000,187.5,38.128113,32.753126,1.0,25.555555555555557,62.22222222222222
0 days 00:04:44.020000,187.5,38.131928,32.747971,1.0,25.555555555555557,62.22222222222222
0 days 00:04:45.020000,187.5,38.135743,32.742792,1.0,25.555555555555557,62.22222222222222
0 days 00:04:46.020000,187.5,38.139556,32.737589,1.0,25.555555555555557,62.22222222222222
0 days 00:04:47.020000,187.5,38.143369,32.73236,1.0,25.555555555555557,62.22222222222222
0 days 00:04:48.020000,187.5,38.147181,32.727108,1.0,25.555555555555557,62.22222222222222
0 days 00:04:49.020000,187.5,38.150993,32.721832,1.0,25.555555555555557,62.22222222222222
0 days 00:04:50.020000,187.5,38.154804,32.716531,1.0,25.555555555555557,62.22222222222222
0 days 00:04:51.020000,187.5,38.158614,32.711206,1.0,25.555555555555557,62.22222222222222
0 days 00:04:52.020000,187.5,38.162423,32.705856,1.0,25.555555555555557,62.22222222222222
0 days 00:04:53.020000,187.5,38.166232,32.700482,1.0,25.555555555555557,62.22222222222222
0 days 00:04:54.020000,187.5,38.17004,32.695083,1.0,25.555555555555557,62.22222222222222
0 days 00:04:55.020000,187.5,38.173847,32.689659,1.0,25.555555555555557,62.22222222222222
0 days 00:04:56.020000,187.5,38.177653,32.68421,1.0,25.555555555555557,62.22222222222222
0 days 00:04:57.020000,187.5,38.181459,32.678738,1.0,25.555555555555557,62.22222222222222
0 days 00:04:58.020000,187.5,38.185263,32.673241,1.0,25.555555555555557,62.22222222222222
0 days 00:04:59.020000,187.5,38.189067,32.667719,1.0,25.555555555555557,62.22222222222222
0 days 00:05:00.020000,187.5,38.192871,32.662174,1.0,25.555555555555557,62.22222222222222
0 days 00:05:01.020000,187.5,38.196673,32.656604,1.0,25.555555555555557,62.22222222222222
0 days 00:05:02.020000,187.5,38.200475,32.651011,1.0,25.555555555555557,62.22222222222222
0 days 00:05:03.020000,187.5,38.204276,32.645393,1.0,25.555555555555557,62.22222222222222
0 days 00:05:04.020000,187.5,38.208076,32.639751,1.0,25.555555555555557,62.22222222222222
0 days 00:05:05.020000,187.5,38.211876,32.634086,1.0,25.555555555555557,62.22222222222222
0 days 00:05:06.020000,187.5,38.215675,32.628398,1.0,25.555555555555557,62.22222222222222
0 days 00:05:07.020000,187.5,38.219473,32.622685,1.0,25.555555555555557,62.22222222222222
0 days 00:05:08.020000,187.5,38.22327,32.616949,1.0,25.555555555555557,62.22222222222222
0 days 00:05:09.020000,187.5,38.227066,32.611189,1.0,25.555555555555557,62.22222222222222
0 days 00:05:10.020000,187.5,38.230862,32.605405,1.0,25.555555555555557,62.22222222222222
0 days 00:05:11.020000,187.5,38.234657,32.599596,1.0,25.555555555555557,62.22222222222222
0 days 00:05:12.020000,187.5,38.238451,32.593764,1.0,25.555555555555557,62.22222222222222
0 days 00:05:13.020000,187.5,38.242244,32.587907,1.0,25.555555555555557,62.22222222222222
0 days 00:05:14.020000,187.5,38.246037,32.582027,1.0,25.555555555555557,62.22222222222222
0 days 00:05:15.020000,187.5,38.249828,32.576123,1.0,25.555555555555557,62.22222222222222
0 days 00:05:16.020000,187.5,38.253619,32.570195,1.0,25.555555555555557,62.22222222222222
0 days 00:05:17.020000,187.5,38.257409,32.564244,1.0,25.555555555555557,62.22222222222222
0 days 00:05:18.020000,187.5,38.261199,32.558269,1.0,25.555555555555557,62.22222222222222
0 days 00:05:19.020000,187.5,38.264987,32.552271,1.0,25.555555555555557,62.22222222222222
0 days 00:05:20.020000,187.5,38.268775,32.546249,1.0,25.555555555555557,62.22222222222222
0 days 00:05:21.020000,187.5,38.272562,32.540204,1.0,25.555555555555557,62.22222222222222
0 days 00:05:22.020000,187.5,38.276348,32.534136,1.0,25.555555555555557,62.22222222222222
0 days 00:05:23.020000,187.5,38.280133,32.528045,1.0,25.555555555555557,62.22222222222222
0 days 00:05:24.020000,187.5,38.283918,32.521931,1.0,25.555555555555557,62.22222222222222
0 days 00:05:25.020000,187.5,38.287701,32.515794,1.0,25.555555555555557,62.22222222222222
0 days 00:05:26.020000,187.5,38.291484,32.509633,1.0,25.555555555555557,62.22222222222222
0 days 00:05:27.020000,187.5,38.295266,32.503449,1.0,25.555555555555557,62.22222222222222
0 days 00:05:28.020000,187.5,38.299047,32.497241,1.0,25.555555555555557,62.22222222222222
0 days 00:05:29.020000,187.5,38.302828,32.49101,1.0,25.555555555555557,62.22222222222222
0 days 00:05:30.020000,187.5,38.306607,32.484755,1.0,25.555555555555557,62.22222222222222
0 days 00:05:31.020000,187.5,38.310386,32.478477,1.0,25.555555555555557,62.22222222222222
0 days 00:05:32.020000,187.5,38.314164,32.472176,1.0,25.555555555555557,62.22222222222222
0 days 00:05:33.020000,187.5,38.317941,32.465852,1.0,25.555555555555557,62.22222222222222
0 days 00:05:34.020000,187.5,38.321717,32.459504,1.0,25.555555555555557,62.22222222222222
0 days 00:05:35.020000,187.5,38.325493,32.453134,1.0,25.555555555555557,62.22222222222222
0 days 00:05:36.020000,187.5,38.329267,32.446741,1.0,25.555555555555557,62.22222222222222
0 days 00:05:37.020000,187.5,38.333041,32.440325,1.0,25.555555555555557,62.22222222222222
0 days 00:05:38.020000,187.5,38.336814,32.433886,1.0,25.555555555555557,62.22222222222222
0 days 00:05:39.020000,187.5,38.340586,32.427425,1.0,25.555555555555557,62.22222222222222
0 days 00:05:40.020000,187.5,38.344357,32.420942,1.0,25.555555555555557,62.22222222222222
0 days 00:05:41.020000,187.5,38.348127,32.414436,1.0,25.555555555555557,62.22222222222222
0 days 00:05:42.020000,187.5,38.351897,32.407907,1.0,25.555555555555557,62.22222222222222
0 days 00:05:43.020000,187.5,38.355665,32.401356,1.0,25.555555555555557,62.22222222222222
0 days 00:05:44.020000,187.5,38.359433,32.394781,1.0,25.555555555555557,62.22222222222222
0 days 00:05:45.020000,187.5,38.3632,32.388184,1.0,25.555555555555557,62.22222222222222
0 days 00:05:46.020000,187.5,38.366966,32.381564,1.0,25.555555555555557,62.22222222222222
0 days 00:05:47.020000,187.5,38.370731,32.37492,1.0,25.555555555555557,62.22222222222222
0 days 00:05:48.020000,187.5,38.374495,32.368254,1.0,25.555555555555557,62.22222222222222
0 days 00:05:49.020000,187.5,38.378259,32.361566,1.0,25.555555555555557,62.22222222222222
0 days 00:05:50.020000,187.5,38.382021,32.354854,1.0,25.555555555555557,62.22222222222222
0 days 00:05:51.020000,187.5,38.385783,32.348121,1.0,25.555555555555557,62.22222222222222
0 days 00:05:52.020000,187.5,38.389544,32.341365,1.0,25.555555555555557,62.22222222222222
0 days 00:05:53.020000,187.5,38.393304,32.334587,1.0,25.555555555555557,62.22222222222222
0 days 00:05:54.020000,187.5,38.397063,32.327786,1.0,25.555555555555557,62.22222222222222
0 days 00:05:55.020000,187.5,38.400821,32.320963,1.0,25.555555555555557,62.22222222222222
0 days 00:05:56.020000,187.5,38.404578,32.314119,1.0,25.555555555555557,62.22222222222222
0 days 00:05:57.020000,187.5,38.408334,32.307253,1.0,25.555555555555557,62.22222222222222
0 days 00:05:58.020000,187.5,38.41209,32.300365,1.0,25.555555555555557,62.22222222222222
0 days 00:05:59.020000,187.5,38.415845,32.293454,1.0,25.555555555555557,62.22222222222222
0 days 00:06:00.020000,187.5,38.419598,32.286522,1.0,25.555555555555557,62.22222222222222
0 days 00:06:01.020000,187.5,38.423351,32.279566,1.0,25.555555555555557,62.22222222222222
0 days 00:06:02.020000,187.5,38.427103,32.272589,1.0,25.555555555555557,62.22222222222222
0 days 00:06:03.020000,187.5,38.430854,32.265589,1.0,25.555555555555557,62.22222222222222
0 days 00:06:04.020000,187.5,38.434604,32.258567,1.0,25.555555555555557,62.22222222222222
0 days 00:06:05.020000,187.5,38.438353,32.251522,1.0,25.555555555555557,62.22222222222222
0 days 00:06:06.020000,187.5,38.442101,32.244456,1.0,25.555555555555557,62.22222222222222
0 days 00:06:07.020000,187.5,38.445849,32.237367,1.0,25.555555555555557,62.22222222222222
0 days 00:06:08.020000,187.5,38.449595,32.230257,1.0,25.555555555555557,62.22222222222222
0 days 00:06:09.020000,187.5,38.453341,32.223125,1.0,25.555555555555557,62.22222222222222
0 days 00:06:10.020000,187.5,38.457085,32.215971,1.0,25.555555555555557,62.22222222222222
0 days 00:06:11.020000,187.5,38.460829,32.208795,1.0,25.555555555555557,62.22222222222222
0 days 00:06:12.020000,187.5,38.464571,32.201598,1.0,25.555555555555557,62.22222222222222
0 days 00:06:13.020000,187.5,38.468312,32.194379,1.0,25.555555555555557,62.22222222222222
0 days 00:06:14.020000,187.5,38.472051,32.18714,1.0,25.555555555555557,62.22222222222222
0 days 00:06:15.020000,187.5,38.47579,32.179879,1.0,25.555555555555557,62.22222222222222
0 days 00:06:16.020000,187.5,38.479528,32.172596,1.0,25.555555555555557,62.22222222222222
0 days 00:06:17.020000,187.5,38.483265,32.165292,1.0,25.555555555555557,62.22222222222222
0 days 00:06:18.020000,187.5,38.487001,32.157966,1.0,25.555555555555557,62.22222222222222
0 days 00:06:19.020000,187.5,38.490736,32.150618,1.0,25.555555555555557,62.22222222222222
0 days 00:06:20.020000,187.5,38.494469,32.143248,1.0,25.555555555555557,62.22222222222222
0 days 00:06:21.020000,187.5,38.498202,32.135856,1.0,25.555555555555557,62.22222222222222
0 days 00:06:22.020000,187.5,38.501934,32.128443,1.0,25.555555555555557,62.22222222222222
0 days 00:06:23.020000,187.5,38.505665,32.121008,1.0,25.555555555555557,62.22222222222222
0 days 00:06:24.020000,187.5,38.509395,32.113552,1.0,25.555555555555557,62.22222222222222
0 days 00:06:25.020000,187.5,38.513124,32.106074,1.0,25.555555555555557,62.22222222222222
0 days 00:06:26.020000,187.5,38.516853,32.098576,1.0,25.555555555555557,62.22222222222222
0 days 00:06:27.020000,187.5,38.52058,32.091056,1.0,25.555555555555557,62.22222222222222
0 days 00:06:28.020000,187.5,38.524306,32.083515,1.0,25.555555555555557,62.22222222222222
0 days 00:06:29.020000,187.5,38.528031,32.075953,1.0,25.555555555555557,62.22222222222222
0 days 00:06:30.020000,187.5,38.531756,32.06837,1.0,25.555555555555557,62.22222222222222
0 days 00:06:31.020000,187.5,38.535479,32.060768,1.0,25.555555555555557,62.22222222222222
0 days 00:06:32.020000,187.5,38.539202,32.053144,1.0,25.555555555555557,62.22222222222222
0 days 00:06:33.020000,187.5,38.542924,32.045499,1.0,25.555555555555557,62.22222222222222
0 days 00:06:34.020000,187.5,38.546644,32.037833,1.0,25.555555555555557,62.22222222222222
0 days 00:06:35.020000,187.5,38.550364,32.030145,1.0,25.555555555555557,62.22222222222222
0 days 00:06:36.020000,187.5,38.554083,32.022436,1.0,25.555555555555557,62.22222222222222
0 days 00:06:37.020000,187.5,38.557801,32.014706,1.0,25.555555555555557,62.22222222222222
0 days 00:06:38.020000,187.5,38.561517,32.006955,1.0,25.555555555555557,62.22222222222222
0 days 00:06:39.020000,187.5,38.565233,31.999182,1.0,25.555555555555557,62.22222222222222
0 days 00:06:40.020000,187.5,38.568948,31.991389,1.0,25.555555555555557,62.22222222222222
0 days 00:06:41.020000,187.5,38.572662,31.983575,1.0,25.555555555555557,62.22222222222222
0 days 00:06:42.020000,187.5,38.576375,31.97574,1.0,25.555555555555557,62.22222222222222
0 days 00:06:43.020000,187.5,38.580087,31.967884,1.0,25.555555555555557,62.22222222222222
0 days 00:06:44.020000,187.5,38.583798,31.960007,1.0,25.555555555555557,62.22222222222222
0 days 00:06:45.020000,187.5,38.587508,31.95211,1.0,25.555555555555557,62.22222222222222
0 days 00:06:46.020000,187.5,38.591218,31.944193,1.0,25.555555555555557,62.22222222222222
0 days 00:06:47.020000,187.5,38.594926,31.936255,1.0,25.555555555555557,62.22222222222222
0 days 00:06:48.020000,187.5,38.598633,31.928298,1.0,25.555555555555557,62.22222222222222
0 days 00:06:49.020000,187.5,38.602339,31.92032,1.0,25.555555555555557,62.22222222222222
0 days 00:06:50.020000,187.5,38.606044,31.912321,1.0,25.555555555555557,62.22222222222222
0 days 00:06:51.020000,187.5,38.609748,31.904302,1.0,25.555555555555557,62.22222222222222
0 days 00:06:52.020000,187.5,38.613451,31.896262,1.0,25.555555555555557,62.22222222222222
0 days 00:06:53.020000,187.5,38.617154,31.888201,1.0,25.555555555555557,62.22222222222222
0 days 00:06:54.020000,187.5,38.620855,31.88012,1.0,25.555555555555557,62.22222222222222
0 days 00:06:55.020000,187.5,38.624555,31.872017,1.0,25.555555555555557,62.22222222222222
0 days 00:06:56.020000,187.5,38.628254,31.863894,1.0,25.555555555555557,62.22222222222222
0 days 00:06:57.020000,187.5,38.631952,31.855751,1.0,25.555555555555557,62.22222222222222
0 days 00:06:58.020000,187.5,38.635649,31.847587,1.0,25.555555555555557,62.22222222222222
0 days 00:06:59.020000,187.5,38.639345,31.839403,1.0,25.555555555555557,62.22222222222222
0 days 00:07:00.020000,187.5,38.64304,31.831199,1.0,25.555555555555557,62.22222222222222
0 days 00:07:01.020000,187.5,38.646734,31.822975,1.0,25.555555555555557,62.22222222222222
0 days 00:07:02.020000,187.5,38.650427,31.814731,1.0,25.555555555555557,62.22222222222222
0 days 00:07:03.020000,187.5,38.654119,31.806466,1.0,25.555555555555557,62.22222222222222
0 days 00:07:04.020000,187.5,38.65781,31.798182,1.0,25.555555555555557,62.22222222222222
0 days 00:07:05.020000,187.5,38.6615,31.789879,1.0,25.555555555555557,62.22222222222222
0 days 00:07:06.020000,187.5,38.665189,31.781556,1.0,25.555555555555557,62.22222222222222
0 days 00:07:07.020000,187.5,38.668877,31.773214,1.0,25.555555555555557,62.22222222222222
0 days 00:07:08.020000,187.5,38.672564,31.76485,1.0,25.555555555555557,62.22222222222222
0 days 00:07:09.020000,187.5,38.676249,31.756467,1.0,25.555555555555557,62.22222222222222
0 days 00:07:10.020000,187.5,38.679934,31.748063,1.0,25.555555555555557,62.22222222222222
0 days 00:07:11.020000,187.5,38.683618,31.739639,1.0,25.555555555555557,62.22222222222222
0 days 00:07:12.020000,187.5,38.687301,31.731195,1.0,25.555555555555557,62.22222222222222
0 days 00:07:13.020000,187.5,38.690982,31.72273,1.0,25.555555555555557,62.22222222222222
0 days 00:07:14.020000,187.5,38.694663,31.714246,1.0,25.555555555555557,62.22222222222222
0 days 00:07:15.020000,187.5,38.698342,31.705742,1.0,25.555555555555557,62.22222222222222
0 days 00:07:16.020000,187.5,38.702021,31.697219,1.0,25.555555555555557,62.22222222222222
0 days 00:07:17.020000,187.5,38.705698,31.688675,1.0,25.555555555555557,62.22222222222222
0 days 00:07:18.020000,187.5,38.709375,31.680112,1.0,25.555555555555557,62.22222222222222
0 days 00:07:19.020000,187.5,38.71305,31.67153,1.0,25.555555555555557,62.22222222222222
0 days 00:07:20.020000,187.5,38.716724,31.662928,1.0,25.555555555555557,62.22222222222222
0 days 00:07:21.020000,187.5,38.720398,31.654306,1.0,25.555555555555557,62.22222222222222
0 days 00:07:22.020000,187.5,38.72407,31.645667,1.0,25.555555555555557,62.22222222222222
0 days 00:07:23.020000,187.5,38.727741,31.637008,1.0,25.555555555555557,62.22222222222222
0 days 00:07:24.020000,187.5,38.731411,31.62833,1.0,25.555555555555557,62.22222222222222
0 days 00:07:25.020000,187.5,38.73508,31.619632,1.0,25.555555555555557,62.22222222222222
0 days 00:07:26.020000,187.5,38.738748,31.610914,1.0,25.555555555555557,62.22222222222222
0 days 00:07:27.020000,187.5,38.742415,31.602176,1.0,25.555555555555557,62.22222222222222
0 days 00:07:28.020000,187.5,38.746081,31.593419,1.0,25.555555555555557,62.22222222222222
0 days 00:07:29.020000,187.5,38.749745,31.584642,1.0,25.555555555555557,62.22222222222222
0 days 00:07:30.020000,187.5,38.753409,31.575845,1.0,25.555555555555557,62.22222222222222
0 days 00:07:31.020000,187.5,38.757072,31.567029,1.0,25.555555555555557,62.22222222222222
0 days 00:07:32.020000,187.5,38.760733,31.558193,1.0,25.555555555555557,62.22222222222222
0 days 00:07:33.020000,187.5,38.764394,31.549339,1.0,25.555555555555557,62.22222222222222
0 days 00:07:34.020000,187.5,38.768053,31.540465,1.0,25.555555555555557,62.22222222222222
0 days 00:07:35.020000,187.5,38.771711,31.531573,1.0,25.555555555555557,62.22222222222222
0 days 00:07:36.020000,187.5,38.775369,31.522661,1.0,25.555555555555557,62.22222222222222
0 days 00:07:37.020000,187.5,38.779025,31.51373,1.0,25.555555555555557,62.22222222222222
0 days 00:07:38.020000,187.5,38.78268,31.504781,1.0,25.555555555555557,62.22222222222222
0 days 00:07:39.020000,187.5,38.786334,31.495814,1.0,25.555555555555557,62.22222222222222
0 days 00:07:40.020000,187.5,38.789987,31.486828,1.0,25.555555555555557,62.22222222222222
0 days 00:07:41.020000,187.5,38.793639,31.477823,1.0,25.555555555555557,62.22222222222222
0 days 00:07:42.020000,187.5,38.79729,31.468799,1.0,25.555555555555557,62.22222222222222
0 days 00:07:43.020000,187.5,38.800939,31.459756,1.0,25.555555555555557,62.22222222222222
0 days 00:07:44.020000,187.5,38.804588,31.450693,1.0,25.555555555555557,62.22222222222222
0 days 00:07:45.020000,187.5,38.808235,31.441611,1.0,25.555555555555557,62.22222222222222
0 days 00:07:46.020000,187.5,38.811882,31.43251,1.0,25.555555555555557,62.22222222222222
0 days 00:07:47.020000,187.5,38.815527,31.42339,1.0,25.555555555555557,62.22222222222222
0 days 00:07:48.020000,187.5,38.819171,31.414251,1.0,25.555555555555557,62.22222222222222
0 days 00:07:49.020000,187.5,38.822815,31.405093,1.0,25.555555555555557,62.22222222222222
0 days 00:07:50.020000,187.5,38.826457,31.395916,1.0,25.555555555555557,62.22222222222222
0 days 00:07:51.020000,187.5,38.830098,31.386721,1.0,25.555555555555557,62.22222222222222
0 days 00:07:52.020000,187.5,38.833738,31.377508,1.0,25.555555555555557,62.22222222222222
0 days 00:07:53.020000,187.5,38.837376,31.368275,1.0,25.555555555555557,62.22222222222222
0 days 00:07:54.020000,187.5,38.841014,31.359025,1.0,25.555555555555557,62.22222222222222
0 days 00:07:55.020000,187.5,38.844651,31.349756,1.0,25.555555555555557,62.22222222222222
0 days 00:07:56.020000,187.5,38.848286,31.34047,1.0,25.555555555555557,62.22222222222222
0 days 00:07:57.020000,187.5,38.851921,31.331166,1.0,25.555555555555557,62.22222222222222
0 days 00:07:58.020000,187.5,38.855554,31.321843,1.0,25.555555555555557,62.22222222222222
0 days 00:07:59.020000,187.5,38.859186,31.312501,1.0,25.555555555555557,62.22222222222222
0 days 00:08:00.020000,187.5,38.862817,31.303141,1.0,25.555555555555557,62.22222222222222
0 days 00:08:01.020000,187.5,38.866447,31.293762,1.0,25.555555555555557,62.22222222222222
0 days 00:08:02.020000,187.5,38.870076,31.284364,1.0,25.555555555555557,62.22222222222222
0 days 00:08:03.020000,187.5,38.873703,31.274947,1.0,25.555555555555557,62.22222222222222
0 days 00:08:04.020000,187.5,38.87733,31.265511,1.0,25.555555555555557,62.22222222222222
0 days 00:08:05.020000,187.5,38.880955,31.256057,1.0,25.555555555555557,62.22222222222222
0 days 00:08:06.020000,187.5,38.884579,31.246584,1.0,25.555555555555557,62.22222222222222
0 days 00:08:07.020000,187.5,38.888202,31.237093,1.0,25.555555555555557,62.22222222222222
0 days 00:08:08.020000,187.5,38.891824,31.227584,1.0,25.555555555555557,62.22222222222222
0 days 00:08:09.020000,187.5,38.895444,31.218057,1.0,25.555555555555557,62.22222222222222
0 days 00:08:10.020000,187.5,38.899063,31.208511,1.0,25.555555555555557,62.22222222222222
0 days 00:08:11.020000,187.5,38.90268,31.198947,1.0,25.555555555555557,62.22222222222222
0 days 00:08:12.020000,187.5,38.906297,31.189365,1.0,25.555555555555557,62.22222222222222
0 days 00:08:13.020000,187.5,38.909912,31.179766,1.0,25.555555555555557,62.22222222222222
0 days 00:08:14.020000,187.5,38.913525,31.17015,1.0,25.555555555555557,62.22222222222222
0 days 00:08:15.020000,187.5,38.917138,31.160514,1.0,25.555555555555557,62.22222222222222
0 days 00:08:16.020000,187.5,38.920748,31.150861,1.0,25.555555555555557,62.22222222222222
0 days 00:08:17.020000,187.5,38.924356,31.141188,1.0,25.555555555555557,62.22222222222222
0 days 00:08:18.020000,187.5,38.927963,31.131497,1.0,25.555555555555557,62.22222222222222
0 days 00:08:19.020000,187.5,38.931568,31.121788,1.0,25.555555555555557,62.22222222222222
0 days 00:08:20.020000,187.5,38.935172,31.11206,1.0,25.555555555555557,62.22222222222222
0 days 00:08:21.020000,187.5,38.938775,31.102313,1.0,25.555555555555557,62.22222222222222
0 days 00:08:22.020000,187.5,38.942375,31.092549,1.0,25.555555555555557,62.22222222222222
0 days 00:08:23.020000,187.5,38.945974,31.082766,1.0,25.555555555555557,62.22222222222222
0 days 00:08:24.020000,187.5,38.949572,31.072966,1.0,25.555555555555557,62.22222222222222
0 days 00:08:25.020000,187.5,38.953168,31.063147,1.0,25.555555555555557,62.22222222222222
0 days 00:08:26.020000,187.5,38.956763,31.053311,1.0,25.555555555555557,62.22222222222222
0 days 00:08:27.020000,187.5,38.960356,31.043457,1.0,25.555555555555557,62.22222222222222
0 days 00:08:28.020000,187.5,38.963948,31.033585,1.0,25.555555555555557,62.22222222222222
0 days 00:08:29.020000,187.5,38.967538,31.023697,1.0,25.555555555555557,62.22222222222222
0 days 00:08:30.020000,187.5,38.971127,31.013792,1.0,25.555555555555557,62.22222222222222
0 days 00:08:31.020000,187.5,38.974714,31.003869,1.0,25.555555555555557,62.22222222222222
0 days 00:08:32.020000,187.5,38.9783,30.993929,1.0,25.555555555555557,62.22222222222222
0 days 00:08:33.020000,187.5,38.981884,30.983971,1.0,25.555555555555557,62.22222222222222
0 days 00:08:34.020000,187.5,38.985467,30.973995,1.0,25.555555555555557,62.22222222222222
0 days 00:08:35.020000,187.5,38.989048,30.964001,1.0,25.555555555555557,62.22222222222222
0 days 00:08:36.020000,187.5,38.992628,30.953989,1.0,25.555555555555557,62.22222222222222
0 days 00:08:37.020000,187.5,38.996206,30.943959,1.0,25.555555555555557,62.22222222222222
0 days 00:08:38.020000,187.5,38.999781,30.933912,1.0,25.555555555555557,62.22222222222222
0 days 00:08:39.020000,187.5,39.003356,30.923847,1.0,25.555555555555557,62.22222222222222
0 days 00:08:40.020000,187.5,39.006928,30.913765,1.0,25.555555555555557,62.22222222222222
0 days 00:08:41.020000,187.5,39.010499,30.903666,1.0,25.555555555555557,62.22222222222222
0 days 00:08:42.020000,187.5,39.014069,30.89355,1.0,25.555555555555557,62.22222222222222
0 days 00:08:43.020000,187.5,39.017637,30.883417,1.0,25.555555555555557,62.22222222222222
0 days 00:08:44.020000,187.5,39.021203,30.873267,1.0,25.555555555555557,62.22222222222222
0 days 00:08:45.020000,187.5,39.024768,30.8631,1.0,25.555555555555557,62.22222222222222
0 days 00:08:46.020000,187.5,39.028331,30.852917,1.0,25.555555555555557,62.22222222222222
0 days 00:08:47.020000,187.5,39.031893,30.842719,1.0,25.555555555555557,62.22222222222222
0 days 00:08:48.020000,187.5,39.035452,30.832504,1.0,25.555555555555557,62.22222222222222
0 days 00:08:49.020000,187.5,39.039011,30.822272,1.0,25.555555555555557,62.22222222222222
0 days 00:08:50.020000,187.5,39.042568,30.812023,1.0,25.555555555555557,62.22222222222222
0 days 00:08:51.020000,187.5,39.046123,30.801756,1.0,25.555555555555557,62.22222222222222
0 days 00:08:52.020000,187.5,39.049677,30.791473,1.0,25.555555555555557,62.22222222222222
0 days 00:08:53.020000,187.5,39.053229,30.781173,1.0,25.555555555555557,62.22222222222222
0 days 00:08:54.020000,187.5,39.05678,30.770856,1.0,25.555555555555557,62.22222222222222
0 days 00:08:55.020000,187.5,39.060329,30.760521,1.0,25.555555555555557,62.22222222222222
0 days 00:08:56.020000,187.5,39.063877,30.750171,1.0,25.555555555555557,62.22222222222222
0 days 00:08:57.020000,187.5,39.067423,30.739804,1.0,25.555555555555557,62.22222222222222
0 days 00:08:58.020000,187.5,39.070967,30.72942,1.0,25.555555555555557,62.22222222222222
0 days 00:08:59.020000,187.5,39.07451,30.719021,1.0,25.555555555555557,62.22222222222222
0 days 00:09:00.020000,187.5,39.078051,30.708605,1.0,25.555555555555557,62.22222222222222
0 days 00:09:01.020000,187.5,39.081589,30.698173,1.0,25.555555555555557,62.22222222222222
0 days 00:09:02.020000,187.5,39.085127,30.687725,1.0,25.555555555555557,62.22222222222222
0 days 00:09:03.020000,187.5,39.088662,30.677261,1.0,25.555555555555557,62.22222222222222
0 days 00:09:04.020000,187.5,39.092196,30.666783,1.0,25.555555555555557,62.22222222222222
0 days 00:09:05.020000,187.5,39.095728,30.656289,1.0,25.555555555555557,62.22222222222222
0 days 00:09:06.020000,187.5,39.099259,30.645779,1.0,25.555555555555557,62.22222222222222
0 days 00:09:07.020000,187.5,39.102788,30.635253,1.0,25.555555555555557,62.22222222222222
0 days 00:09:08.020000,187.5,39.106316,30.62471,1.0,25.555555555555557,62.22222222222222
0 days 00:09:09.020000,187.5,39.109842,30.614151,1.0,25.555555555555557,62.22222222222222
0 days 00:09:10.020000,187.5,39.113367,30.603575,1.0,25.555555555555557,62.22222222222222
0 days 00:09:11.020000,187.5,39.11689,30.592984,1.0,25.555555555555557,62.22222222222222
0 days 00:09:12.020000,187.5,39.120413,30.582376,1.0,25.555555555555557,62.22222222222222
0 days 00:09:13.020000,187.5,39.123933,30.571752,1.0,25.555555555555557,62.22222222222222
0 days 00:09:14.020000,187.5,39.127453,30.561113,1.0,25.555555555555557,62.22222222222222
0 days 00:09:15.020000,187.5,39.130971,30.550458,1.0,25.555555555555557,62.22222222222222
0 days 00:09:16.020000,187.5,39.134487,30.539787,1.0,25.555555555555557,62.22222222222222
0 days 00:09:17.020000,187.5,39.138003,30.529101,1.0,25.555555555555557,62.22222222222222
0 days 00:09:18.020000,187.5,39.141517,30.518399,1.0,25.555555555555557,62.22222222222222
0 days 00:09:19.020000,187.5,39.14503,30.507681,1.0,25.555555555555557,62.22222222222222
0 days 00:09:20.020000,187.5,39.148542,30.496949,1.0,25.555555555555557,62.22222222222222
0 days 00:09:21.020000,187.5,39.152053,30.486203,1.0,25.555555555555557,62.22222222222222
0 days 00:09:22.020000,187.5,39.155562,30.475441,1.0,25.555555555555557,62.22222222222222
0 days 00:09:23.020000,187.5,39.15907,30.464664,1.0,25.555555555555557,62.22222222222222
0 days 00:09:24.020000,187.5,39.162577,30.45387,1.0,25.555555555555557,62.22222222222222
0 days 00:09:25.020000,187.5,39.166083,30.443061,1.0,25.555555555555557,62.22222222222222
0 days 00:09:26.020000,187.5,39.169588,30.432236,1.0,25.555555555555557,62.22222222222222
0 days 00:09:27.020000,187.5,39.173092,30.421395,1.0,25.555555555555557,62.22222222222222
0 days 00:09:28.020000,187.5,39.176594,30.410537,1.0,25.555555555555557,62.22222222222222
0 days 00:09:29.020000,187.5,39.180096,30.399664,1.0,25.555555555555557,62.22222222222222
0 days 00:09:30.020000,187.5,39.183596,30.388776,1.0,25.555555555555557,62.22222222222222
0 days 00:09:31.020000,187.5,39.187095,30.377872,1.0,25.555555555555557,62.22222222222222
0 days 00:09:32.020000,187.5,39.190593,30.366952,1.0,25.555555555555557,62.22222222222222
0 days 00:09:33.020000,187.5,39.19409,30.356018,1.0,25.555555555555557,62.22222222222222
0 days 00:09:34.020000,187.5,39.197586,30.345067,1.0,25.555555555555557,62.22222222222222
0 days 00:09:35.020000,187.5,39.20108,30.334102,1.0,25.555555555555557,62.22222222222222
0 days 00:09:36.020000,187.5,39.204574,30.323121,1.0,25.555555555555557,62.22222222222222
0 days 00:09:37.020000,187.5,39.208066,30.312126,1.0,25.555555555555557,62.22222222222222
0 days 00:09:38.020000,187.5,39.211557,30.301117,1.0,25.555555555555557,62.22222222222222
0 days 00:09:39.020000,187.5,39.215047,30.290092,1.0,25.555555555555557,62.22222222222222
0 days 00:09:40.020000,187.5,39.218536,30.279053,1.0,25.555555555555557,62.22222222222222
0 days 00:09:41.020000,187.5,39.222024,30.267997,1.0,25.555555555555557,62.22222222222222
0 days 00:09:42.020000,187.5,39.22551,30.256926,1.0,25.555555555555557,62.22222222222222
0 days 00:09:43.020000,187.5,39.228995,30.245839,1.0,25.555555555555557,62.22222222222222
0 days 00:09:44.020000,187.5,39.23248,30.234736,1.0,25.555555555555557,62.22222222222222
0 days 00:09:45.020000,187.5,39.235962,30.223618,1.0,25.555555555555557,62.22222222222222
0 days 00:09:46.020000,187.5,39.239444,30.212484,1.0,25.555555555555557,62.22222222222222
0 days 00:09:47.020000,187.5,39.242925,30.201334,1.0,25.555555555555557,62.22222222222222
0 days 00:09:48.020000,187.5,39.246404,30.19017,1.0,25.555555555555557,62.22222222222222
0 days 00:09:49.020000,187.5,39.249882,30.17899,1.0,25.555555555555557,62.22222222222222
0 days 00:09:50.020000,187.5,39.253359,30.167795,1.0,25.555555555555557,62.22222222222222
0 days 00:09:51.020000,187.5,39.256834,30.156586,1.0,25.555555555555557,62.22222222222222
0 days 00:09:52.020000,187.5,39.260309,30.145361,1.0,25.555555555555557,62.22222222222222
0 days 00:09:53.020000,187.5,39.263782,30.134121,1.0,25.555555555555557,62.22222222222222
0 days 00:09:54.020000,187.5,39.267254,30.122867,1.0,25.555555555555557,62.22222222222222
0 days 00:09:55.020000,187.5,39.270724,30.1116,1.0,25.555555555555557,62.22222222222222
0 days 00:09:56.020000,187.5,39.274194,30.100318,1.0,25.555555555555557,62.22222222222222
0 days 00:09:57.020000,187.5,39.277662,30.08902,1.0,25.555555555555557,62.22222222222222
0 days 00:09:58.020000,187.5,39.281129,30.077708,1.0,25.555555555555557,62.22222222222222
0 days 00:09:59.020000,187.5,39.284594,30.06638,1.0,25.555555555555557,62.22222222222222
0 days 00:10:00.020000,187.5,39.288058,30.055036,1.0,25.555555555555557,62.22222222222222
